Scoring No,Club,Club Title,Area
000010,A,Aberystwyth,M
000012,C,Cardiff,E
000013,D,Dolgellau,M
000015,F,Flint,N
000017,H,Haverfordwest,W
000020,K,Knighton,M
000021,L,Llanelli,W
000022,M,Mold,N
000025,P,Porthcawl,W
000027,R,Rhiwbina,E
000028,S,Swansea,W
000029,T,Tenby,W
000032,W,Wrexham,N
000034,Y,Ynys-Mon (Anglesey),N
001010,AA,Aberaeron,M
001016,AG,Abergavenny,E
001027,AR,Archway (Chepstow),E
001127,BR,Bridgend,W
001131,BV,Barrivale,E
001213,CD,Cardigan,M
001223,CN,Caernarfon,N
001227,CR,Criccieth,N
001322,DM,Direct Member,D
001610,GA,Gwent Academy,E
002113,LD,Llandudno,N
002125,LP,Lampeter,M
002132,LW,Llandrindod Wells,M
002211,MB,Mumbles,W
002216,MG,Mid-Glamorgan,E
002325,NP,Newport (Pembs),W
002329,NT,Newtown,M
002417,OH,Old Hall (Cowbridge),E
002512,PC,Pencoed,E
002513,PD,Penrhyndeudraeth,N
002523,PN,Penarth,E
002527,PR,Prestatyn,N
002528,PT,Port Talbot,W
002531,PV,Park View (Wrexham),N
002532,PW,Pwllheli,N
002734,RY,Rhayader,M
002830,SU,Sully Bridge Club,E
003228,WS,West Shore (Llandudno),N
111423,BEN,Benllech,N
112714,BRE,Brecon,E
121027,CAR,Carmarthen,W
121028,CAS,Castle BC (Welshpool),M
121134,CBY,Colwyn Bay,N
122718,CRI,Crickhowell,E
131414,DEE,Deeside,N
132214,DME,Direct Member East,E
132222,DMM,Direct Member Mid,M
132223,DMN,Direct Member North,N
132232,DMW,Direct Member West,W
172122,HLM,Honorary Life Member,H
211311,LDB,Llandybie,W
211429,LET,Letterston,W
221427,MER,Merlin (Haverfordwest),W
222423,MON,Monmouth,E
312416,VOG,Vale of Glamorgan,E
